isin,instrument,security,maturity date,ttm years,coupon pct,market yield pct,curve yield pct,spread bp,market price,model price,dv01 per 100,traded,volume,signal
GHGGOGI01958,BILL,GOG-BL-12/10/26-A7070-2015-0,2026-10-12,0.027,0.0,9.011511206896552,4.2514,476.0,99.753,99.8833,0.00027,True,27620.0,cheap vs curve
GHGGOGI01552,BILL,GOG-BL-12/10/26-A7009-2002-0,2026-10-12,0.027,0.0,9.011511206896552,4.2514,476.0,99.753,99.8833,0.00027,False,,cheap vs curve
GHGGOGI01982,BILL,GOG-BL-19/10/26-A7075-2016-0,2026-10-19,0.047,0.0,8.08713103448276,4.3709,371.6,99.6237,99.7963,0.00046,True,1242099.0,cheap vs curve
GHGGOGI01586,BILL,GOG-BL-19/10/26-A7014-2003-0,2026-10-19,0.047,0.0,8.08713103448276,4.3709,371.6,99.6237,99.7963,0.00046,False,,cheap vs curve
GHGGOGI00703,BILL,GOG-BL-19/10/26-A6882-1977-0,2026-10-19,0.047,0.0,8.08713103448276,4.3709,371.6,99.6237,99.7963,0.00046,False,,cheap vs curve
GHGGOGI02014,BILL,GOG-BL-26/10/26-A7080-2017-0,2026-10-26,0.066,0.0,7.162750862068965,4.4897,267.3,99.53,99.7049,0.00065,True,25695.0,cheap vs curve
GHGGOGI01610,BILL,GOG-BL-26/10/26-A7019-2004-0,2026-10-26,0.066,0.0,7.162750862068965,4.4897,267.3,99.53,99.7049,0.00065,False,,cheap vs curve
GHGGOGI00737,BILL,GOG-BL-26/10/26-A6887-1978-0,2026-10-26,0.066,0.0,7.162750862068965,4.4897,267.3,99.53,99.7049,0.00065,False,,cheap vs curve
GHGGOGI02048,BILL,GOG-BL-02/11/26-A7085-2018-0,2026-11-02,0.085,0.0,6.343250000000001,4.6077,173.6,99.4627,99.6091,0.00084,False,,cheap vs curve
GHGGOGI01644,BILL,GOG-BL-02/11/26-A7024-2005-0,2026-11-02,0.085,0.0,6.343250000000001,4.6077,173.6,99.4627,99.6091,0.00084,False,,cheap vs curve
GHGGOGI00786,BILL,GOG-BL-02/11/26-A6892-1979-0,2026-11-02,0.085,0.0,6.343250000000001,4.6077,173.6,99.4627,99.6091,0.00084,False,,cheap vs curve
GHGGOGI02089,BILL,GOG-BL-09/11/26-A7090-2019-0,2026-11-09,0.104,0.0,6.153025000000001,4.7249,142.8,99.3618,99.5092,0.00103,True,34289.0,cheap vs curve
GHGGOGI01677,BILL,GOG-BL-09/11/26-A7029-2006-0,2026-11-09,0.104,0.0,6.153025000000001,4.7249,142.8,99.3618,99.5092,0.00103,False,,cheap vs curve
GHGGOGI00810,BILL,GOG-BL-09/11/26-A6897-1980-0,2026-11-09,0.104,0.0,6.153025000000001,4.7249,142.8,99.3618,99.5092,0.00103,False,,cheap vs curve
GHGGOGI02113,BILL,GOG-BL-16/11/26-A7095-2020-0,2026-11-16,0.123,0.0,5.962800000000001,4.8415,112.1,99.2682,99.405,0.00122,False,,cheap vs curve
GHGGOGI01701,BILL,GOG-BL-16/11/26-A7034-2007-0,2026-11-16,0.123,0.0,5.962800000000001,4.8415,112.1,99.2682,99.405,0.00122,False,,cheap vs curve
GHGGOGI00844,BILL,GOG-BL-16/11/26-A6909-1981-0,2026-11-16,0.123,0.0,5.962800000000001,4.8415,112.1,99.2682,99.405,0.00122,False,,cheap vs curve
GHGGOGI02147,BILL,GOG-BL-23/11/26-A7100-2021-0,2026-11-23,0.142,0.0,5.772575000000001,4.9573,81.5,99.1821,99.2968,0.00141,True,55460.0,cheap vs curve
GHGGOGI01735,BILL,GOG-BL-23/11/26-A7039-2008-0,2026-11-23,0.142,0.0,5.772575000000001,4.9573,81.5,99.1821,99.2968,0.00141,False,,cheap vs curve
GHGGOGI00877,BILL,GOG-BL-23/11/26-A6914-1982-0,2026-11-23,0.142,0.0,5.772575000000001,4.9573,81.5,99.1821,99.2968,0.00141,False,,cheap vs curve
GHGGOGI02170,BILL,GOG-BL-30/11/26-A7105-2022-0,2026-11-30,0.162,0.0,5.582350000000001,5.0723,51.0,99.1033,99.1845,0.00159,True,71937.0,cheap vs curve
GHGGOGI01776,BILL,GOG-BL-30/11/26-A7044-2009-0,2026-11-30,0.162,0.0,5.582350000000001,5.0723,51.0,99.1033,99.1845,0.00159,False,,cheap vs curve
GHGGOGI00901,BILL,GOG-BL-30/11/26-A6919-1983-0,2026-11-30,0.162,0.0,5.582350000000001,5.0723,51.0,99.1033,99.1845,0.00159,True,616392.0,cheap vs curve
GHGGOGI02212,BILL,GOG-BL-07/12/26-A7110-2023-0,2026-12-07,0.181,0.0,5.390479838709679,5.1867,20.4,99.0321,99.0683,0.00178,False,,fair
GHGGOGI01818,BILL,GOG-BL-07/12/26-A7049-2010-0,2026-12-07,0.181,0.0,5.390479838709679,5.1867,20.4,99.0321,99.0683,0.00178,False,,fair
GHGGOGI00935,BILL,GOG-BL-07/12/26-A6924-1984-0,2026-12-07,0.181,0.0,5.390479838709679,5.1867,20.4,99.0321,99.0683,0.00178,True,70507.0,fair
GHGGOGI02246,BILL,GOG-BL-14/12/26-A7115-2024-0,2026-12-14,0.2,0.0,5.198335483870968,5.3004,-10.2,98.9682,98.9482,0.00196,True,54714.0,fair
GHGGOGI01842,BILL,GOG-BL-14/12/26-A7054-2011-0,2026-12-14,0.2,0.0,5.198335483870968,5.3004,-10.2,98.9682,98.9482,0.00196,False,,fair
GHGGOGI00976,BILL,GOG-BL-14/12/26-A6929-1985-0,2026-12-14,0.2,0.0,5.198335483870968,5.3004,-10.2,98.9682,98.9482,0.00196,True,8100.0,fair
GHGGOGI02279,BILL,GOG-BL-21/12/26-A7120-2025-0,2026-12-21,0.219,0.0,5.006191129032259,5.4134,-40.7,98.9117,98.8242,0.00215,True,1468508.0,fair
GHGGOGI01875,BILL,GOG-BL-21/12/26-A7059-2012-0,2026-12-21,0.219,0.0,5.006191129032259,5.4134,-40.7,98.9117,98.8242,0.00215,False,,fair
GHGGOGI01008,BILL,GOG-BL-21/12/26-A6934-1986-0,2026-12-21,0.219,0.0,5.006191129032259,5.4134,-40.7,98.9117,98.8242,0.00215,False,,fair
GHGGOGI02303,BILL,GOG-BL-28/12/26-A7125-2026-0,2026-12-28,0.238,0.0,4.81404677419355,5.5257,-71.2,98.8625,98.6965,0.00234,True,9670.0,rich vs curve
GHGGOGI01909,BILL,GOG-BL-28/12/26-A7064-2013-0,2026-12-28,0.238,0.0,4.81404677419355,5.5257,-71.2,98.8625,98.6965,0.00234,False,,rich vs curve
GHGGOGI01032,BILL,GOG-BL-28/12/26-A6939-1987-0,2026-12-28,0.238,0.0,4.81404677419355,5.5257,-71.2,98.8625,98.6965,0.00234,False,,rich vs curve
GHGGOGI01933,BILL,GOG-BL-04/01/27-A7069-2014-0,2027-01-04,0.257,0.0,4.757188461538462,5.6374,-88.0,98.7864,98.5651,0.00252,False,,rich vs curve
GHGGOGI01065,BILL,GOG-BL-04/01/27-A6944-1988-0,2027-01-04,0.257,0.0,4.757188461538462,5.6374,-88.0,98.7864,98.5651,0.00252,False,,rich vs curve
GHGGOGI01966,BILL,GOG-BL-11/01/27-A7074-2015-0,2027-01-11,0.277,0.0,4.880711538461538,5.7485,-86.8,98.6638,98.43,0.0027,False,,rich vs curve
GHGGOGI01099,BILL,GOG-BL-11/01/27-A6949-1989-0,2027-01-11,0.277,0.0,4.880711538461538,5.7485,-86.8,98.6638,98.43,0.0027,False,,rich vs curve
GHGGOGI01990,BILL,GOG-BL-18/01/27-A7079-2016-0,2027-01-18,0.296,0.0,5.004234615384616,5.8588,-85.5,98.537,98.2914,0.00288,False,,rich vs curve
GHGGOGI01123,BILL,GOG-BL-18/01/27-A6954-1990-0,2027-01-18,0.296,0.0,5.004234615384616,5.8588,-85.5,98.537,98.2914,0.00288,True,9561643.0,rich vs curve
GHGGOGI02022,BILL,GOG-BL-25/01/27-A7084-2017-0,2027-01-25,0.315,0.0,5.127757692307693,5.9686,-84.1,98.4058,98.1492,0.00306,False,,rich vs curve
GHGGOGI01156,BILL,GOG-BL-25/01/27-A6959-1991-0,2027-01-25,0.315,0.0,5.127757692307693,5.9686,-84.1,98.4058,98.1492,0.00306,False,,rich vs curve
GHGGOGI02055,BILL,GOG-BL-01/02/27-A7089-2018-0,2027-02-01,0.334,0.0,5.251280769230769,6.0777,-82.6,98.2704,98.0036,0.00324,False,,rich vs curve
GHGGOGI01180,BILL,GOG-BL-01/02/27-A6964-1992-0,2027-02-01,0.334,0.0,5.251280769230769,6.0777,-82.6,98.2704,98.0036,0.00324,True,19211992.0,rich vs curve
GHGGOGI02097,BILL,GOG-BL-08/02/27-A7094-2019-0,2027-02-08,0.353,0.0,5.374803846153847,6.1862,-81.1,98.1308,97.8547,0.00341,False,,rich vs curve
GHGGOGI01214,BILL,GOG-BL-08/02/27-A6969-1993-0,2027-02-08,0.353,0.0,5.374803846153847,6.1862,-81.1,98.1308,97.8547,0.00341,False,,rich vs curve
GHGGOGI02121,BILL,GOG-BL-15/02/27-A7099-2020-0,2027-02-15,0.372,0.0,5.498326923076923,6.2941,-79.6,97.987,97.7024,0.00359,True,5162.0,rich vs curve
GHGGOGI01255,BILL,GOG-BL-15/02/27-A6974-1994-0,2027-02-15,0.372,0.0,5.498326923076923,6.2941,-79.6,97.987,97.7024,0.00359,False,,rich vs curve
GHGGOGI02154,BILL,GOG-BL-22/02/27-A7104-2021-0,2027-02-22,0.392,0.0,5.62185,6.4015,-78.0,97.8391,97.5468,0.00376,False,,rich vs curve
GHGGOGI01297,BILL,GOG-BL-22/02/27-A6979-1995-0,2027-02-22,0.392,0.0,5.62185,6.4015,-78.0,97.8391,97.5468,0.00376,False,,rich vs curve
GHGGOGI02188,BILL,GOG-BL-01/03/27-A7109-2022-0,2027-03-01,0.411,0.0,5.745373076923077,6.5082,-76.3,97.6872,97.3881,0.00393,False,,rich vs curve
GHGGOGI01321,BILL,GOG-BL-01/03/27-A6984-1996-0,2027-03-01,0.411,0.0,5.745373076923077,6.5082,-76.3,97.6872,97.3881,0.00393,False,,rich vs curve
GHGGOGI02220,BILL,GOG-BL-08/03/27-A7114-2023-0,2027-03-08,0.43,0.0,5.868896153846154,6.6143,-74.5,97.5311,97.2262,0.0041,False,,rich vs curve
GHGGOGI01354,BILL,GOG-BL-08/03/27-A6989-1997-0,2027-03-08,0.43,0.0,5.868896153846154,6.6143,-74.5,97.5311,97.2262,0.0041,False,,rich vs curve
GHGGOGI02253,BILL,GOG-BL-15/03/27-A7119-2024-0,2027-03-15,0.449,0.0,5.992419230769231,6.7199,-72.7,97.3711,97.0613,0.00427,True,6000.0,rich vs curve
GHGGOGI01412,BILL,GOG-BL-15/03/27-A6994-1998-0,2027-03-15,0.449,0.0,5.992419230769231,6.7199,-72.7,97.3711,97.0613,0.00427,True,21076925.0,rich vs curve
GHGGOGI02287,BILL,GOG-BL-22/03/27-A7124-2025-0,2027-03-22,0.468,0.0,6.115942307692308,6.8249,-70.9,97.2071,96.8934,0.00444,False,,rich vs curve
GHGGOGI01446,BILL,GOG-BL-22/03/27-A6999-1999-0,2027-03-22,0.468,0.0,6.115942307692308,6.8249,-70.9,97.2071,96.8934,0.00444,True,1162826.0,rich vs curve
GHGGOGI02311,BILL,GOG-BL-29/03/27-A7129-2026-0,2027-03-29,0.487,0.0,6.239465384615385,6.9294,-69.0,97.0392,96.7225,0.0046,True,371400.0,rich vs curve
GHGGOGI01479,BILL,GOG-BL-29/03/27-A7004-2000-0,2027-03-29,0.487,0.0,6.239465384615385,6.9294,-69.0,97.0392,96.7225,0.0046,False,,rich vs curve
GHGGOGI01537,BILL,GOG-BL-05/04/27-A7009-2001-0,2027-04-05,0.507,0.0,6.390586438561439,7.0333,-64.3,96.8542,96.5488,0.00477,False,,rich vs curve
GHGGOGI01560,BILL,GOG-BL-12/04/27-A7014-2002-0,2027-04-12,0.526,0.0,6.578504795204795,7.1366,-55.8,96.6464,96.3722,0.00493,False,,rich vs curve
GHGGOGI01594,BILL,GOG-BL-19/04/27-A7019-2003-0,2027-04-19,0.545,0.0,6.766423151848151,7.2395,-47.3,96.4327,96.1928,0.00508,False,,fair
GHGGOGI01628,BILL,GOG-BL-26/04/27-A7024-2004-0,2027-04-26,0.564,0.0,6.954341508491509,7.3418,-38.7,96.2133,96.0108,0.00524,False,,fair
GHGGOGI01651,BILL,GOG-BL-03/05/27-A7029-2005-0,2027-05-03,0.583,0.0,7.142259865134866,7.4436,-30.1,95.9883,95.8261,0.00539,False,,fair
GHGGOGI01685,BILL,GOG-BL-10/05/27-A7034-2006-0,2027-05-10,0.602,0.0,7.330178221778223,7.5448,-21.5,95.7576,95.6388,0.00554,False,,fair
GHGGOGI01719,BILL,GOG-BL-17/05/27-A7039-2007-0,2027-05-17,0.621,0.0,7.518096578421579,7.6456,-12.8,95.5215,95.449,0.00569,True,16878.0,fair
GHGGOGI01743,BILL,GOG-BL-24/05/27-A7044-2008-0,2027-05-24,0.641,0.0,7.706014935064935,7.7459,-4.0,95.28,95.2567,0.00584,True,3740248.0,fair
GHGGOGI01784,BILL,GOG-BL-31/05/27-A7049-2009-0,2027-05-31,0.66,0.0,7.893933291708294,7.8456,4.8,95.0331,95.062,0.00598,True,11832009.0,fair
GHGGOGI01826,BILL,GOG-BL-07/06/27-A7054-2010-0,2027-06-07,0.679,0.0,8.08185164835165,7.9449,13.7,94.7811,94.8649,0.00612,False,,fair
GHGGOGI01859,BILL,GOG-BL-14/06/27-A7059-2011-0,2027-06-14,0.698,0.0,8.269770004995006,8.0437,22.6,94.5239,94.6656,0.00626,False,,fair
GHGGOGI01883,BILL,GOG-BL-21/06/27-A7064-2012-0,2027-06-21,0.717,0.0,8.457688361638363,8.1421,31.6,94.2617,94.4639,0.0064,False,,fair
GHGGOGI01917,BILL,GOG-BL-28/06/27-A7069-2013-0,2027-06-28,0.736,0.0,8.64560671828172,8.2399,40.6,93.9945,94.2601,0.00653,False,,fair
GHGGOGI01941,BILL,GOG-BL-05/07/27-A7074-2014-0,2027-07-05,0.756,0.0,8.742313759644611,8.3373,40.5,93.7833,94.0542,0.00667,False,,fair
GHGGOGI01974,BILL,GOG-BL-12/07/27-A7079-2015-0,2027-07-12,0.775,0.0,8.823818915127426,8.4343,39.0,93.5801,93.8461,0.00681,True,5369300.0,fair
GHGGOGI02006,BILL,GOG-BL-19/07/27-A7084-2016-0,2027-07-19,0.794,0.0,8.905324070610241,8.5307,37.5,93.3751,93.636,0.00695,True,22400.0,fair
GHGGOGI02030,BILL,GOG-BL-26/07/27-A7089-2017-0,2027-07-26,0.813,0.0,8.986829226093057,8.6268,36.0,93.1683,93.424,0.00708,True,91688731.0,fair
GHGGOGI02071,BILL,GOG-BL-02/08/27-A7094-2018-0,2027-08-02,0.832,0.0,9.068334381575871,8.7224,34.6,92.9597,93.21,0.00722,True,53912607.0,fair
GHGGOGI02105,BILL,GOG-BL-09/08/27-A7099-2019-0,2027-08-09,0.851,0.0,9.149839537058686,8.8176,33.2,92.7493,92.9941,0.00735,False,,fair
GHGGOGI02139,BILL,GOG-BL-16/08/27-A7104-2020-0,2027-08-16,0.871,0.0,9.231344692541501,8.9123,31.9,92.5371,92.7764,0.00748,True,462198.0,fair
GHGGOGI02162,BILL,GOG-BL-23/08/27-A7109-2021-0,2027-08-23,0.89,0.0,9.312849848024317,9.0066,30.6,92.3233,92.5569,0.00761,False,,fair
GHGGOGI02196,BILL,GOG-BL-30/08/27-A7114-2022-0,2027-08-30,0.909,0.0,9.394355003507131,9.1005,29.4,92.1078,92.3357,0.00774,False,,fair
GHGGOGI02238,BILL,GOG-BL-06/09/27-A7119-2023-0,2027-09-06,0.928,0.0,9.475860158989946,9.194,28.2,91.8906,92.1128,0.00786,False,,fair
GHGGOGI02261,BILL,GOG-BL-13/09/27-A7124-2024-0,2027-09-13,0.947,0.0,9.557365314472761,9.287,27.0,91.6718,91.8883,0.00799,True,5400.0,fair
GHGGOGI02295,BILL,GOG-BL-20/09/27-A7139-2025-0,2027-09-20,0.966,0.0,9.638870469955577,9.3797,25.9,91.4515,91.6622,0.00811,False,,fair
GHGGOGI02329,BILL,GOG-BL-27/09/27-A7144-2026-0,2027-09-27,0.986,0.0,9.720375625438392,9.4719,24.8,91.2296,91.4346,0.00823,False,,fair
GHGGOG069881,BOND,GOG-BD-15/08/28-A6140-1838-10.00,2028-08-15,1.87,10.0,12.5,12.1226,37.7,97.2065,97.7987,0.01582,True,10000000.0,fair
GHGGOG069931,BOND,GOG-BD-13/02/29-A6145-1838-8.65,2029-02-13,2.368,8.65,13.81,13.2655,54.5,90.9796,91.9764,0.01835,True,77192880.0,cheap vs curve
GHGGOG069949,BOND,GOG-BD-12/02/30-A6146-1838-8.80,2030-02-12,3.365,8.8,14.23,14.6703,-44.0,87.0062,85.9773,0.02367,False,,fair
GHGGOG069956,BOND,GOG-BD-11/02/31-A6147-1838-8.95,2031-02-11,4.361,8.95,14.4,15.294,-89.4,83.9673,81.5159,0.02805,False,,rich vs curve
GHGGOG069964,BOND,GOG-BD-10/02/32-A6148-1838-9.10,2032-02-10,5.358,9.1,14.2,15.428,-122.8,82.5439,78.7113,0.03213,True,44925669.0,rich vs curve
GHGGOG069972,BOND,GOG-BD-08/02/33-A6149-1838-9.25,2033-02-08,6.355,9.25,14.22,15.2708,-105.1,80.8861,77.34,0.03532,False,,rich vs curve
GHGGOG069980,BOND,GOG-BD-07/02/34-A6150-1838-9.40,2034-02-07,7.351,9.4,15.01,14.9517,5.8,76.8803,77.0724,0.03616,True,30000000.0,fair
GHGGOG069998,BOND,GOG-BD-06/02/35-A6151-1838-9.55,2035-02-06,8.348,9.55,14.36,14.551,-19.1,78.451,77.6595,0.03998,True,37000000.0,fair
GHGGOG070004,BOND,GOG-BD-05/02/36-A6152-1838-9.70,2036-02-05,9.344,9.7,15.5,14.1168,138.3,73.2797,78.8966,0.03843,False,,cheap vs curve
GHGGOG070012,BOND,GOG-BD-03/02/37-A6153-1838-9.85,2037-02-03,10.341,9.85,14.92,13.677,124.3,75.2033,80.6514,0.04165,False,,cheap vs curve
GHGGOG070020,BOND,GOG-BD-02/02/38-A6154-1838-10.00,2038-02-02,11.337,10.0,14.93,13.2467,168.3,75.0386,82.776,0.04292,False,,cheap vs curve
